2Theta,I
62.01046135,0.89293
62.03064478,1.2292
62.05082822,1.61047
62.07101165,1.94212
62.09119508,2.11057
62.11137852,2.02319
62.13156195,1.72982
62.15174538,1.29562
62.17192882,0.89828
