2Theta,I
74.86730841,0.81325
74.88749185,1.08334
74.90767528,1.43895
74.92785871,1.92542
74.94804215,2.51837
74.96822558,3.42824
74.98840901,4.32886
75.00859245,5.09522
75.02877588,5.48319
75.04895931,5.28262
75.06914275,4.48214
75.08932618,3.45984
75.10950961,2.39321
75.12969305,1.60101
75.14987648,1.10222
75.17005991,0.79675
