2Theta,Intensity
38.33653,3041.0
44.58774,853.3
64.7468,758.6
77.75188,722.4
81.85527,174.1
98.27,76.2
